{
  "train_loss": [
    0.19620980663461318,
    0.10375863025029032,
    0.09866041508718461
  ],
  "val_loss": [
    0.09671445535726783,
    0.07279087674245581,
    0.050506465670655254
  ],
  "train_acc": [
    0.9292035398230089,
    0.963716814159292,
    0.9645034414945919
  ],
  "val_acc": [
    0.967860422405877,
    0.972910927456382,
    0.980257116620753
  ]
}